"{'rate': '7.0', 'cover_x': 7142, 'title': '飞驰人生', 'url': 'https://movie.douban.com/subject/30163509/', 'playable': True, 'cover': 'https://img3.doubanio.com/view/photo/s_ratio_poster/public/p2542973862.jpg', 'id': '30163509', 'cover_y': 10000, 'is_new': False}"
"{'rate': '8.7', 'cover_x': 3300, 'title': '小偷家族', 'url': 'https://movie.douban.com/subject/27622447/', 'playable': True, 'cover': 'https://img3.doubanio.com/view/photo/s_ratio_poster/public/p2530599636.jpg', 'id': '27622447', 'cover_y': 4659, 'is_new': False}"
"{'rate': '8.2', 'cover_x': 533, 'title': '气球', 'url': 'https://movie.douban.com/subject/30192401/', 'playable': False, 'cover': 'https://img3.doubanio.com/view/photo/s_ratio_poster/public/p2521499792.jpg', 'id': '30192401', 'cover_y': 755, 'is_new': True}"
"{'rate': '7.3', 'cover_x': 1500, 'title': '劫匪', 'url': 'https://movie.douban.com/subject/6538697/', 'playable': False, 'cover': 'https://img1.doubanio.com/view/photo/s_ratio_poster/public/p2548750147.jpg', 'id': '6538697', 'cover_y': 2222, 'is_new': True}"
"{'rate': '7.0', 'cover_x': 500, 'title': '娑婆诃', 'url': 'https://movie.douban.com/subject/27109171/', 'playable': False, 'cover': 'https://img1.doubanio.com/view/photo/s_ratio_poster/public/p2545549959.jpg', 'id': '27109171', 'cover_y': 712, 'is_new': True}"
"{'rate': '6.4', 'cover_x': 960, 'title': '疯狂的外星人', 'url': 'https://movie.douban.com/subject/25986662/', 'playable': False, 'cover': 'https://img1.doubanio.com/view/photo/s_ratio_poster/public/p2541901817.jpg', 'id': '25986662', 'cover_y': 1359, 'is_new': False}"
"{'rate': '5.7', 'cover_x': 1078, 'title': '新喜剧之王', 'url': 'https://movie.douban.com/subject/4840388/', 'playable': True, 'cover': 'https://img3.doubanio.com/view/photo/s_ratio_poster/public/p2541240741.jpg', 'id': '4840388', 'cover_y': 1512, 'is_new': False}"
"{'rate': '7.9', 'cover_x': 5315, 'title': '白蛇：缘起', 'url': 'https://movie.douban.com/subject/30331149/', 'playable': True, 'cover': 'https://img3.doubanio.com/view/photo/s_ratio_poster/public/p2544313786.jpg', 'id': '30331149', 'cover_y': 7441, 'is_new': False}"
"{'rate': '7.7', 'cover_x': 1800, 'title': '极限职业', 'url': 'https://movie.douban.com/subject/27597250/', 'playable': False, 'cover': 'https://img1.doubanio.com/view/photo/s_ratio_poster/public/p2542216607.jpg', 'id': '27597250', 'cover_y': 2565, 'is_new': False}"
"{'rate': '8.7', 'cover_x': 2200, 'title': '蜘蛛侠：平行宇宙', 'url': 'https://movie.douban.com/subject/26374197/', 'playable': True, 'cover': 'https://img3.doubanio.com/view/photo/s_ratio_poster/public/p2542867516.jpg', 'id': '26374197', 'cover_y': 3123, 'is_new': False}"
"{'rate': '7.7', 'cover_x': 6750, 'title': '海王', 'url': 'https://movie.douban.com/subject/3878007/', 'playable': True, 'cover': 'https://img1.doubanio.com/view/photo/s_ratio_poster/public/p2541280047.jpg', 'id': '3878007', 'cover_y': 10000, 'is_new': False}"
"{'rate': '5.4', 'cover_x': 703, 'title': '廉政风云', 'url': 'https://movie.douban.com/subject/27114416/', 'playable': True, 'cover': 'https://img3.doubanio.com/view/photo/s_ratio_poster/public/p2545065676.jpg', 'id': '27114416', 'cover_y': 1000, 'is_new': False}"
"{'rate': '7.6', 'cover_x': 5000, 'title': '阿丽塔：战斗天使', 'url': 'https://movie.douban.com/subject/1652592/', 'playable': False, 'cover': 'https://img3.doubanio.com/view/photo/s_ratio_poster/public/p2544987866.jpg', 'id': '1652592', 'cover_y': 7413, 'is_new': False}"
"{'rate': '8.0', 'cover_x': 1382, 'title': '骡子', 'url': 'https://movie.douban.com/subject/30135113/', 'playable': False, 'cover': 'https://img3.doubanio.com/view/photo/s_ratio_poster/public/p2542326692.jpg', 'id': '30135113', 'cover_y': 2048, 'is_new': False}"
"{'rate': '6.5', 'cover_x': 1057, 'title': '“大”人物', 'url': 'https://movie.douban.com/subject/26816076/', 'playable': True, 'cover': 'https://img1.doubanio.com/view/photo/s_ratio_poster/public/p2544988187.jpg', 'id': '26816076', 'cover_y': 1500, 'is_new': False}"
"{'rate': '7.2', 'cover_x': 2050, 'title': '毒液：致命守护者', 'url': 'https://movie.douban.com/subject/3168101/', 'playable': True, 'cover': 'https://img3.doubanio.com/view/photo/s_ratio_poster/public/p2537158013.jpg', 'id': '3168101', 'cover_y': 2910, 'is_new': False}"
"{'rate': '7.1', 'cover_x': 1080, 'title': '大黄蜂', 'url': 'https://movie.douban.com/subject/26394152/', 'playable': True, 'cover': 'https://img1.doubanio.com/view/photo/s_ratio_poster/public/p2541662397.jpg', 'id': '26394152', 'cover_y': 1590, 'is_new': False}"
"{'rate': '8.1', 'cover_x': 1429, 'title': '无名之辈', 'url': 'https://movie.douban.com/subject/27110296/', 'playable': True, 'cover': 'https://img3.doubanio.com/view/photo/s_ratio_poster/public/p2539661066.jpg', 'id': '27110296', 'cover_y': 2000, 'is_new': False}"
"{'rate': '7.5', 'cover_x': 2000, 'title': '驯龙高手3', 'url': 'https://movie.douban.com/subject/19899707/', 'playable': False, 'cover': 'https://img3.doubanio.com/view/photo/s_ratio_poster/public/p2546335362.jpg', 'id': '19899707', 'cover_y': 2975, 'is_new': False}"
"{'rate': '8.1', 'cover_x': 1000, 'title': '无双', 'url': 'https://movie.douban.com/subject/26425063/', 'playable': True, 'cover': 'https://img3.doubanio.com/view/photo/s_ratio_poster/public/p2535260806.jpg', 'id': '26425063', 'cover_y': 1400, 'is_new': False}"
"{'rate': '9.0', 'cover_x': 1080, 'title': '我不是药神', 'url': 'https://movie.douban.com/subject/26752088/', 'playable': True, 'cover': 'https://img3.doubanio.com/view/photo/s_ratio_poster/public/p2519070834.jpg', 'id': '26752088', 'cover_y': 1512, 'is_new': False}"
"{'rate': '7.1', 'cover_x': 1080, 'title': '一出好戏', 'url': 'https://movie.douban.com/subject/26985127/', 'playable': True, 'cover': 'https://img3.doubanio.com/view/photo/s_ratio_poster/public/p2529571873.jpg', 'id': '26985127', 'cover_y': 1512, 'is_new': False}"
"{'rate': '6.7', 'cover_x': 2048, 'title': '忌日快乐2', 'url': 'https://movie.douban.com/subject/30209818/', 'playable': False, 'cover': 'https://img3.doubanio.com/view/photo/s_ratio_poster/public/p2537451675.jpg', 'id': '30209818', 'cover_y': 3243, 'is_new': False}"
"{'rate': '8.1', 'cover_x': 1968, 'title': '无敌破坏王2：大闹互联网', 'url': 'https://movie.douban.com/subject/20438964/', 'playable': True, 'cover': 'https://img3.doubanio.com/view/photo/s_ratio_poster/public/p2537667301.jpg', 'id': '20438964', 'cover_y': 2756, 'is_new': False}"
"{'rate': '7.1', 'cover_x': 2048, 'title': '神奇动物：格林德沃之罪', 'url': 'https://movie.douban.com/subject/26147417/', 'playable': True, 'cover': 'https://img1.doubanio.com/view/photo/s_ratio_poster/public/p2538826177.jpg', 'id': '26147417', 'cover_y': 3035, 'is_new': False}"
"{'rate': '6.8', 'cover_x': 714, 'title': '一条狗的回家路', 'url': 'https://movie.douban.com/subject/27193043/', 'playable': True, 'cover': 'https://img1.doubanio.com/view/photo/s_ratio_poster/public/p2545487478.jpg', 'id': '27193043', 'cover_y': 1000, 'is_new': False}"
"{'rate': '7.3', 'cover_x': 1968, 'title': '蚁人2：黄蜂女现身', 'url': 'https://movie.douban.com/subject/26636712/', 'playable': True, 'cover': 'https://img1.doubanio.com/view/photo/s_ratio_poster/public/p2529389608.jpg', 'id': '26636712', 'cover_y': 2756, 'is_new': False}"
"{'rate': '4.7', 'cover_x': 3000, 'title': '一吻定情', 'url': 'https://movie.douban.com/subject/30263995/', 'playable': True, 'cover': 'https://img3.doubanio.com/view/photo/s_ratio_poster/public/p2546255256.jpg', 'id': '30263995', 'cover_y': 4200, 'is_new': False}"
"{'rate': '8.0', 'cover_x': 5906, 'title': '夏目友人帐', 'url': 'https://movie.douban.com/subject/27166442/', 'playable': False, 'cover': 'https://img1.doubanio.com/view/photo/s_ratio_poster/public/p2546745948.jpg', 'id': '27166442', 'cover_y': 8268, 'is_new': False}"
"{'rate': '6.6', 'cover_x': 679, 'title': '西虹市首富', 'url': 'https://movie.douban.com/subject/27605698/', 'playable': True, 'cover': 'https://img1.doubanio.com/view/photo/s_ratio_poster/public/p2529206747.jpg', 'id': '27605698', 'cover_y': 950, 'is_new': False}"
"{'rate': '8.6', 'cover_x': 1697, 'title': '谁先爱上他的', 'url': 'https://movie.douban.com/subject/27119586/', 'playable': False, 'cover': 'https://img3.doubanio.com/view/photo/s_ratio_poster/public/p2546961193.jpg', 'id': '27119586', 'cover_y': 2500, 'is_new': False}"
"{'rate': '8.8', 'cover_x': 2835, 'title': '何以为家', 'url': 'https://movie.douban.com/subject/30170448/', 'playable': False, 'cover': 'https://img1.doubanio.com/view/photo/s_ratio_poster/public/p2542949829.jpg', 'id': '30170448', 'cover_y': 3780, 'is_new': False}"
"{'rate': '7.3', 'cover_x': 4618, 'title': '死侍2：我爱我家', 'url': 'https://movie.douban.com/subject/26588308/', 'playable': False, 'cover': 'https://img3.doubanio.com/view/photo/s_ratio_poster/public/p2545479945.jpg', 'id': '26588308', 'cover_y': 6842, 'is_new': False}"
"{'rate': '7.2', 'cover_x': 3927, 'title': '影', 'url': 'https://movie.douban.com/subject/4864908/', 'playable': True, 'cover': 'https://img3.doubanio.com/view/photo/s_ratio_poster/public/p2530513100.jpg', 'id': '4864908', 'cover_y': 5788, 'is_new': False}"
"{'rate': '7.2', 'cover_x': 2000, 'title': '一个明星的诞生', 'url': 'https://movie.douban.com/subject/4058933/', 'playable': True, 'cover': 'https://img1.doubanio.com/view/photo/s_ratio_poster/public/p2541979727.jpg', 'id': '4058933', 'cover_y': 3000, 'is_new': False}"
"{'rate': '8.1', 'cover_x': 2048, 'title': '碟中谍6：全面瓦解', 'url': 'https://movie.douban.com/subject/26336252/', 'playable': True, 'cover': 'https://img3.doubanio.com/view/photo/s_ratio_poster/public/p2529365085.jpg', 'id': '26336252', 'cover_y': 3034, 'is_new': False}"
"{'rate': '5.8', 'cover_x': 800, 'title': '来电狂响', 'url': 'https://movie.douban.com/subject/30377703/', 'playable': True, 'cover': 'https://img1.doubanio.com/view/photo/s_ratio_poster/public/p2542268337.jpg', 'id': '30377703', 'cover_y': 1120, 'is_new': False}"
"{'rate': '7.0', 'cover_x': 2048, 'title': '邪不压正', 'url': 'https://movie.douban.com/subject/26366496/', 'playable': True, 'cover': 'https://img3.doubanio.com/view/photo/s_ratio_poster/public/p2526297221.jpg', 'id': '26366496', 'cover_y': 2867, 'is_new': False}"
"{'rate': '6.8', 'cover_x': 4000, 'title': '地球最后的夜晚', 'url': 'https://movie.douban.com/subject/26633257/', 'playable': True, 'cover': 'https://img3.doubanio.com/view/photo/s_ratio_poster/public/p2541183610.jpg', 'id': '26633257', 'cover_y': 5998, 'is_new': False}"
"{'rate': '7.6', 'cover_x': 821, 'title': '证人', 'url': 'https://movie.douban.com/subject/30306764/', 'playable': False, 'cover': 'https://img1.doubanio.com/view/photo/s_ratio_poster/public/p2543768548.jpg', 'id': '30306764', 'cover_y': 1174, 'is_new': False}"
"{'rate': '6.4', 'cover_x': 1000, 'title': '憨豆特工3', 'url': 'https://movie.douban.com/subject/27073234/', 'playable': True, 'cover': 'https://img3.doubanio.com/view/photo/s_ratio_poster/public/p2538352472.jpg', 'id': '27073234', 'cover_y': 1470, 'is_new': False}"
"{'rate': '7.6', 'cover_x': 1142, 'title': '江湖儿女', 'url': 'https://movie.douban.com/subject/26972258/', 'playable': False, 'cover': 'https://img3.doubanio.com/view/photo/s_ratio_poster/public/p2533283770.jpg', 'id': '26972258', 'cover_y': 1600, 'is_new': False}"
"{'rate': '6.9', 'cover_x': 1134, 'title': '我想吃掉你的胰脏', 'url': 'https://movie.douban.com/subject/27107140/', 'playable': True, 'cover': 'https://img3.doubanio.com/view/photo/s_ratio_poster/public/p2545571306.jpg', 'id': '27107140', 'cover_y': 1600, 'is_new': False}"
"{'rate': '7.2', 'cover_x': 1080, 'title': '我的英雄学院：两位英雄', 'url': 'https://movie.douban.com/subject/27602116/', 'playable': False, 'cover': 'https://img1.doubanio.com/view/photo/s_ratio_poster/public/p2548783889.jpg', 'id': '27602116', 'cover_y': 1532, 'is_new': False}"
"{'rate': '7.4', 'cover_x': 2070, 'title': '宠儿', 'url': 'https://movie.douban.com/subject/26628282/', 'playable': False, 'cover': 'https://img3.doubanio.com/view/photo/s_ratio_poster/public/p2532012274.jpg', 'id': '26628282', 'cover_y': 3000, 'is_new': False}"
"{'rate': '7.2', 'cover_x': 2999, 'title': '动物世界', 'url': 'https://movie.douban.com/subject/26925317/', 'playable': True, 'cover': 'https://img1.doubanio.com/view/photo/s_ratio_poster/public/p2525528688.jpg', 'id': '26925317', 'cover_y': 4181, 'is_new': False}"
"{'rate': '3.8', 'cover_x': 2126, 'title': '神探蒲松龄', 'url': 'https://movie.douban.com/subject/27065898/', 'playable': True, 'cover': 'https://img1.doubanio.com/view/photo/s_ratio_poster/public/p2545389067.jpg', 'id': '27065898', 'cover_y': 3264, 'is_new': False}"
"{'rate': '8.1', 'cover_x': 1968, 'title': '复仇者联盟3：无限战争', 'url': 'https://movie.douban.com/subject/24773958/', 'playable': True, 'cover': 'https://img3.doubanio.com/view/photo/s_ratio_poster/public/p2517753454.jpg', 'id': '24773958', 'cover_y': 2756, 'is_new': False}"
"{'rate': '8.1', 'cover_x': 1500, 'title': '罗马', 'url': 'https://movie.douban.com/subject/1950330/', 'playable': False, 'cover': 'https://img3.doubanio.com/view/photo/s_ratio_poster/public/p2537733205.jpg', 'id': '1950330', 'cover_y': 2222, 'is_new': False}"
"{'rate': '7.3', 'cover_x': 1153, 'title': '密室逃生', 'url': 'https://movie.douban.com/subject/27109679/', 'playable': True, 'cover': 'https://img3.doubanio.com/view/photo/s_ratio_poster/public/p2543631842.jpg', 'id': '27109679', 'cover_y': 1700, 'is_new': False}"
"{'rate': '6.3', 'cover_x': 1382, 'title': '三方国界', 'url': 'https://movie.douban.com/subject/3927789/', 'playable': False, 'cover': 'https://img3.doubanio.com/view/photo/s_ratio_poster/public/p2548370093.jpg', 'id': '3927789', 'cover_y': 2048, 'is_new': False}"
"{'rate': '7.4', 'cover_x': 1144, 'title': '找到你', 'url': 'https://movie.douban.com/subject/27140071/', 'playable': True, 'cover': 'https://img1.doubanio.com/view/photo/s_ratio_poster/public/p2534471408.jpg', 'id': '27140071', 'cover_y': 1600, 'is_new': False}"
"{'rate': '4.6', 'cover_x': 5906, 'title': '李茶的姑妈', 'url': 'https://movie.douban.com/subject/27092785/', 'playable': True, 'cover': 'https://img3.doubanio.com/view/photo/s_ratio_poster/public/p2533384240.jpg', 'id': '27092785', 'cover_y': 8268, 'is_new': False}"
"{'rate': '8.5', 'cover_x': 690, 'title': '特工', 'url': 'https://movie.douban.com/subject/26683421/', 'playable': False, 'cover': 'https://img3.doubanio.com/view/photo/s_ratio_poster/public/p2528281606.jpg', 'id': '26683421', 'cover_y': 986, 'is_new': False}"
"{'rate': '7.9', 'cover_x': 1300, 'title': '燃烧', 'url': 'https://movie.douban.com/subject/26842702/', 'playable': False, 'cover': 'https://img1.doubanio.com/view/photo/s_ratio_poster/public/p2520095279.jpg', 'id': '26842702', 'cover_y': 1856, 'is_new': False}"
"{'rate': '8.4', 'cover_x': 1500, 'title': '巴斯特·斯克鲁格斯的歌谣', 'url': 'https://movie.douban.com/subject/26952704/', 'playable': False, 'cover': 'https://img1.doubanio.com/view/photo/s_ratio_poster/public/p2539127687.jpg', 'id': '26952704', 'cover_y': 2222, 'is_new': False}"
"{'rate': '7.4', 'cover_x': 2048, 'title': '夜以继日', 'url': 'https://movie.douban.com/subject/27037053/', 'playable': False, 'cover': 'https://img1.doubanio.com/view/photo/s_ratio_poster/public/p2518349518.jpg', 'id': '27037053', 'cover_y': 2891, 'is_new': False}"
"{'rate': '6.7', 'cover_x': 3461, 'title': '你好，之华', 'url': 'https://movie.douban.com/subject/27615233/', 'playable': True, 'cover': 'https://img1.doubanio.com/view/photo/s_ratio_poster/public/p2538345957.jpg', 'id': '27615233', 'cover_y': 4846, 'is_new': False}"
"{'rate': '7.5', 'cover_x': 1300, 'title': '国家破产之日', 'url': 'https://movie.douban.com/subject/27197086/', 'playable': False, 'cover': 'https://img3.doubanio.com/view/photo/s_ratio_poster/public/p2536564565.jpg', 'id': '27197086', 'cover_y': 1856, 'is_new': False}"
"{'rate': '6.8', 'cover_x': 1024, 'title': '副总统', 'url': 'https://movie.douban.com/subject/26920842/', 'playable': False, 'cover': 'https://img3.doubanio.com/view/photo/s_ratio_poster/public/p2535858294.jpg', 'id': '26920842', 'cover_y': 1597, 'is_new': False}"
"{'rate': '6.1', 'cover_x': 3000, 'title': '昨日青空', 'url': 'https://movie.douban.com/subject/26290410/', 'playable': True, 'cover': 'https://img3.doubanio.com/view/photo/s_ratio_poster/public/p2533173724.jpg', 'id': '26290410', 'cover_y': 4200, 'is_new': False}"
"{'rate': '8.6', 'cover_x': 640, 'title': '幸福的拉扎罗', 'url': 'https://movie.douban.com/subject/27072795/', 'playable': True, 'cover': 'https://img3.doubanio.com/view/photo/s_ratio_poster/public/p2521583093.jpg', 'id': '27072795', 'cover_y': 914, 'is_new': False}"
"{'rate': '5.8', 'cover_x': 2143, 'title': '悲伤逆流成河', 'url': 'https://movie.douban.com/subject/27102569/', 'playable': True, 'cover': 'https://img1.doubanio.com/view/photo/s_ratio_poster/public/p2529701498.jpg', 'id': '27102569', 'cover_y': 3000, 'is_new': False}"
"{'rate': '6.0', 'cover_x': 1900, 'title': '胡桃夹子和四个王国', 'url': 'https://movie.douban.com/subject/26741061/', 'playable': True, 'cover': 'https://img3.doubanio.com/view/photo/s_ratio_poster/public/p2537214991.jpg', 'id': '26741061', 'cover_y': 2661, 'is_new': False}"
"{'rate': '7.3', 'cover_x': 1080, 'title': '检察方的罪人', 'url': 'https://movie.douban.com/subject/27035334/', 'playable': False, 'cover': 'https://img3.doubanio.com/view/photo/s_ratio_poster/public/p2551808973.jpg', 'id': '27035334', 'cover_y': 1479, 'is_new': False}"
"{'rate': '6.8', 'cover_x': 5000, 'title': '快把我哥带走', 'url': 'https://movie.douban.com/subject/30122633/', 'playable': True, 'cover': 'https://img3.doubanio.com/view/photo/s_ratio_poster/public/p2531080870.jpg', 'id': '30122633', 'cover_y': 7000, 'is_new': False}"
"{'rate': '8.3', 'cover_x': 1000, 'title': '摇摆狂潮', 'url': 'https://movie.douban.com/subject/27042467/', 'playable': False, 'cover': 'https://img1.doubanio.com/view/photo/s_ratio_poster/public/p2545836537.jpg', 'id': '27042467', 'cover_y': 1429, 'is_new': False}"
"{'rate': '5.7', 'cover_x': 1000, 'title': '巨齿鲨', 'url': 'https://movie.douban.com/subject/26426194/', 'playable': True, 'cover': 'https://img3.doubanio.com/view/photo/s_ratio_poster/public/p2530572643.jpg', 'id': '26426194', 'cover_y': 1399, 'is_new': False}"
"{'rate': '6.7', 'cover_x': 1063, 'title': '精灵旅社3：疯狂假期', 'url': 'https://movie.douban.com/subject/26630714/', 'playable': True, 'cover': 'https://img3.doubanio.com/view/photo/s_ratio_poster/public/p2530591543.jpg', 'id': '26630714', 'cover_y': 1488, 'is_new': False}"
"{'rate': '7.3', 'cover_x': 2000, 'title': '此房是我造', 'url': 'https://movie.douban.com/subject/26369884/', 'playable': False, 'cover': 'https://img1.doubanio.com/view/photo/s_ratio_poster/public/p2543305779.jpg', 'id': '26369884', 'cover_y': 3000, 'is_new': False}"
"{'rate': '8.4', 'cover_x': 1130, 'title': '无主之作', 'url': 'https://movie.douban.com/subject/26701196/', 'playable': False, 'cover': 'https://img3.doubanio.com/view/photo/s_ratio_poster/public/p2529384763.jpg', 'id': '26701196', 'cover_y': 1600, 'is_new': True}"
"{'rate': '6.1', 'cover_x': 1000, 'title': '摘金奇缘', 'url': 'https://movie.douban.com/subject/26786642/', 'playable': True, 'cover': 'https://img3.doubanio.com/view/photo/s_ratio_poster/public/p2540295055.jpg', 'id': '26786642', 'cover_y': 1479, 'is_new': False}"
"{'rate': '6.1', 'cover_x': 2500, 'title': '狄仁杰之四大天王', 'url': 'https://movie.douban.com/subject/25882296/', 'playable': True, 'cover': 'https://img3.doubanio.com/view/photo/s_ratio_poster/public/p2526405034.jpg', 'id': '25882296', 'cover_y': 3500, 'is_new': False}"
"{'rate': '6.3', 'cover_x': 1371, 'title': '摩天营救', 'url': 'https://movie.douban.com/subject/26804147/', 'playable': True, 'cover': 'https://img3.doubanio.com/view/photo/s_ratio_poster/public/p2527484082.jpg', 'id': '26804147', 'cover_y': 1920, 'is_new': False}"
"{'rate': '7.7', 'cover_x': 1500, 'title': '污垢', 'url': 'https://movie.douban.com/subject/1945750/', 'playable': False, 'cover': 'https://img1.doubanio.com/view/photo/s_ratio_poster/public/p2548709468.jpg', 'id': '1945750', 'cover_y': 2222, 'is_new': True}"
"{'rate': '5.8', 'cover_x': 4190, 'title': '名侦探柯南：零的执行人', 'url': 'https://movie.douban.com/subject/27110363/', 'playable': True, 'cover': 'https://img1.doubanio.com/view/photo/s_ratio_poster/public/p2537694239.jpg', 'id': '27110363', 'cover_y': 5770, 'is_new': False}"
"{'rate': '8.2', 'cover_x': 2740, 'title': '女孩', 'url': 'https://movie.douban.com/subject/30194769/', 'playable': False, 'cover': 'https://img3.doubanio.com/view/photo/s_ratio_poster/public/p2519456723.jpg', 'id': '30194769', 'cover_y': 3732, 'is_new': False}"
"{'rate': '6.5', 'cover_x': 854, 'title': '掠食城市', 'url': 'https://movie.douban.com/subject/4221462/', 'playable': False, 'cover': 'https://img3.doubanio.com/view/photo/s_ratio_poster/public/p2543972440.jpg', 'id': '4221462', 'cover_y': 1280, 'is_new': False}"
"{'rate': '8.6', 'cover_x': 1413, 'title': '阳光姐妹淘', 'url': 'https://movie.douban.com/subject/27160618/', 'playable': False, 'cover': 'https://img1.doubanio.com/view/photo/s_ratio_poster/public/p2526509538.jpg', 'id': '27160618', 'cover_y': 2000, 'is_new': False}"
"{'rate': '6.9', 'cover_x': 1000, 'title': '我身体里的那个家伙', 'url': 'https://movie.douban.com/subject/27088750/', 'playable': False, 'cover': 'https://img3.doubanio.com/view/photo/s_ratio_poster/public/p2540444795.jpg', 'id': '27088750', 'cover_y': 1425, 'is_new': False}"
"{'rate': '6.5', 'cover_x': 2836, 'title': '德鲁大叔', 'url': 'https://movie.douban.com/subject/27074301/', 'playable': True, 'cover': 'https://img3.doubanio.com/view/photo/s_ratio_poster/public/p2544791864.jpg', 'id': '27074301', 'cover_y': 4426, 'is_new': False}"
"{'rate': '5.7', 'cover_x': 2953, 'title': '反贪风暴3', 'url': 'https://movie.douban.com/subject/26996640/', 'playable': True, 'cover': 'https://img3.doubanio.com/view/photo/s_ratio_poster/public/p2531887203.jpg', 'id': '26996640', 'cover_y': 4134, 'is_new': False}"
"{'rate': '6.9', 'cover_x': 2000, 'title': '超时空同居', 'url': 'https://movie.douban.com/subject/27133303/', 'playable': True, 'cover': 'https://img1.doubanio.com/view/photo/s_ratio_poster/public/p2520331478.jpg', 'id': '27133303', 'cover_y': 2800, 'is_new': False}"
"{'rate': '6.9', 'cover_x': 1500, 'title': '黑镜：潘达斯奈基', 'url': 'https://movie.douban.com/subject/30414462/', 'playable': False, 'cover': 'https://img3.doubanio.com/view/photo/s_ratio_poster/public/p2543862640.jpg', 'id': '30414462', 'cover_y': 2222, 'is_new': False}"
"{'rate': '3.8', 'cover_x': 2142, 'title': '天气预爆', 'url': 'https://movie.douban.com/subject/26994789/', 'playable': True, 'cover': 'https://img3.doubanio.com/view/photo/s_ratio_poster/public/p2543353290.jpg', 'id': '26994789', 'cover_y': 3000, 'is_new': False}"
"{'rate': '7.9', 'cover_x': 1900, 'title': '超人总动员2', 'url': 'https://movie.douban.com/subject/25849049/', 'playable': True, 'cover': 'https://img3.doubanio.com/view/photo/s_ratio_poster/public/p2522880251.jpg', 'id': '25849049', 'cover_y': 2663, 'is_new': False}"
"{'rate': '6.8', 'cover_x': 1179, 'title': '欢乐满人间2', 'url': 'https://movie.douban.com/subject/26611891/', 'playable': False, 'cover': 'https://img3.doubanio.com/view/photo/s_ratio_poster/public/p2515404175.jpg', 'id': '26611891', 'cover_y': 1746, 'is_new': False}"
"{'rate': '7.5', 'cover_x': 800, 'title': '与神同行2：因与缘', 'url': 'https://movie.douban.com/subject/27003543/', 'playable': False, 'cover': 'https://img3.doubanio.com/view/photo/s_ratio_poster/public/p2527205786.jpg', 'id': '27003543', 'cover_y': 1146, 'is_new': False}"
"{'rate': '7.2', 'cover_x': 1500, 'title': '魔女', 'url': 'https://movie.douban.com/subject/26602900/', 'playable': False, 'cover': 'https://img3.doubanio.com/view/photo/s_ratio_poster/public/p2524056711.jpg', 'id': '26602900', 'cover_y': 2145, 'is_new': False}"
"{'rate': '6.7', 'cover_x': 2764, 'title': '瞒天过海：美人计', 'url': 'https://movie.douban.com/subject/26654269/', 'playable': True, 'cover': 'https://img3.doubanio.com/view/photo/s_ratio_poster/public/p2508259902.jpg', 'id': '26654269', 'cover_y': 4096, 'is_new': False}"
"{'rate': '7.7', 'cover_x': 1000, 'title': '登月第一人', 'url': 'https://movie.douban.com/subject/3026559/', 'playable': False, 'cover': 'https://img3.doubanio.com/view/photo/s_ratio_poster/public/p2532776305.jpg', 'id': '3026559', 'cover_y': 1583, 'is_new': False}"
"{'rate': '6.3', 'cover_x': 800, 'title': '玻璃先生', 'url': 'https://movie.douban.com/subject/27031237/', 'playable': False, 'cover': 'https://img1.doubanio.com/view/photo/s_ratio_poster/public/p2541258858.jpg', 'id': '27031237', 'cover_y': 1143, 'is_new': False}"
"{'rate': '6.9', 'cover_x': 1079, 'title': '风语咒', 'url': 'https://movie.douban.com/subject/30146756/', 'playable': True, 'cover': 'https://img3.doubanio.com/view/photo/s_ratio_poster/public/p2530872223.jpg', 'id': '30146756', 'cover_y': 1685, 'is_new': False}"
"{'rate': '7.3', 'cover_x': 800, 'title': '终点到达', 'url': 'https://movie.douban.com/subject/26649687/', 'playable': False, 'cover': 'https://img3.doubanio.com/view/photo/s_ratio_poster/public/p2542869952.jpg', 'id': '26649687', 'cover_y': 1185, 'is_new': True}"
"{'rate': '7.1', 'cover_x': 2025, 'title': '黑色党徒', 'url': 'https://movie.douban.com/subject/27133913/', 'playable': False, 'cover': 'https://img3.doubanio.com/view/photo/s_ratio_poster/public/p2522401855.jpg', 'id': '27133913', 'cover_y': 3000, 'is_new': False}"
"{'rate': '6.5', 'cover_x': 1000, 'title': '硬核', 'url': 'https://movie.douban.com/subject/27109879/', 'playable': False, 'cover': 'https://img3.doubanio.com/view/photo/s_ratio_poster/public/p2532653002.jpg', 'id': '27109879', 'cover_y': 1414, 'is_new': True}"
"{'rate': '6.6', 'cover_x': 1455, 'title': '翠丝', 'url': 'https://movie.douban.com/subject/27601006/', 'playable': False, 'cover': 'https://img1.doubanio.com/view/photo/s_ratio_poster/public/p2537682568.jpg', 'id': '27601006', 'cover_y': 2048, 'is_new': False}"
"{'rate': '7.2', 'cover_x': 2000, 'title': '奎迪：英雄再起', 'url': 'https://movie.douban.com/subject/26707088/', 'playable': False, 'cover': 'https://img3.doubanio.com/view/photo/s_ratio_poster/public/p2544510053.jpg', 'id': '26707088', 'cover_y': 2800, 'is_new': False}"
"{'rate': '7.9', 'cover_x': 2025, 'title': '驭风男孩', 'url': 'https://movie.douban.com/subject/27176742/', 'playable': False, 'cover': 'https://img1.doubanio.com/view/photo/s_ratio_poster/public/p2547694957.jpg', 'id': '27176742', 'cover_y': 3000, 'is_new': False}"
"{'rate': '7.7', 'cover_x': 1350, 'title': '脱欧：无理之战', 'url': 'https://movie.douban.com/subject/30223840/', 'playable': False, 'cover': 'https://img3.doubanio.com/view/photo/s_ratio_poster/public/p2544474921.jpg', 'id': '30223840', 'cover_y': 2000, 'is_new': False}"
"{'rate': '6.8', 'cover_x': 1328, 'title': '阴风阵阵', 'url': 'https://movie.douban.com/subject/3095514/', 'playable': False, 'cover': 'https://img3.doubanio.com/view/photo/s_ratio_poster/public/p2532759044.jpg', 'id': '3095514', 'cover_y': 2048, 'is_new': False}"
"{'rate': '7.1', 'cover_x': 1974, 'title': '一个小忙', 'url': 'https://movie.douban.com/subject/27072988/', 'playable': False, 'cover': 'https://img3.doubanio.com/view/photo/s_ratio_poster/public/p2527824211.jpg', 'id': '27072988', 'cover_y': 3000, 'is_new': False}"
"{'rate': '6.7', 'cover_x': 678, 'title': '坏种', 'url': 'https://movie.douban.com/subject/30317630/', 'playable': False, 'cover': 'https://img3.doubanio.com/view/photo/s_ratio_poster/public/p2539891882.jpg', 'id': '30317630', 'cover_y': 1000, 'is_new': False}"
"{'rate': '6.7', 'cover_x': 1902, 'title': '库尔斯克', 'url': 'https://movie.douban.com/subject/26684528/', 'playable': False, 'cover': 'https://img3.doubanio.com/view/photo/s_ratio_poster/public/p2537378120.jpg', 'id': '26684528', 'cover_y': 2717, 'is_new': False}"
"{'rate': '7.7', 'cover_x': 2220, 'title': '龙珠超：布罗利', 'url': 'https://movie.douban.com/subject/27607378/', 'playable': False, 'cover': 'https://img3.doubanio.com/view/photo/s_ratio_poster/public/p2527593016.jpg', 'id': '27607378', 'cover_y': 3103, 'is_new': False}"
"{'rate': '7.5', 'cover_x': 1396, 'title': '死亡天使', 'url': 'https://movie.douban.com/subject/30143523/', 'playable': False, 'cover': 'https://img3.doubanio.com/view/photo/s_ratio_poster/public/p2527181272.jpg', 'id': '30143523', 'cover_y': 2048, 'is_new': False}"
"{'rate': '7.4', 'cover_x': 1448, 'title': '银魂2', 'url': 'https://movie.douban.com/subject/27199577/', 'playable': False, 'cover': 'https://img3.doubanio.com/view/photo/s_ratio_poster/public/p2527126044.jpg', 'id': '27199577', 'cover_y': 2048, 'is_new': False}"
"{'rate': '7.6', 'cover_x': 763, 'title': '速成家庭', 'url': 'https://movie.douban.com/subject/27150284/', 'playable': False, 'cover': 'https://img1.doubanio.com/view/photo/s_ratio_poster/public/p2539194679.jpg', 'id': '27150284', 'cover_y': 1080, 'is_new': False}"
"{'rate': '7.5', 'cover_x': 2026, 'title': '斯坦和奥利', 'url': 'https://movie.douban.com/subject/26711223/', 'playable': False, 'cover': 'https://img3.doubanio.com/view/photo/s_ratio_poster/public/p2540560375.jpg', 'id': '26711223', 'cover_y': 3000, 'is_new': False}"
"{'rate': '7.3', 'cover_x': 750, 'title': '咖啡未冷前', 'url': 'https://movie.douban.com/subject/30164711/', 'playable': False, 'cover': 'https://img1.doubanio.com/view/photo/s_ratio_poster/public/p2526785147.jpg', 'id': '30164711', 'cover_y': 1060, 'is_new': False}"
"{'rate': '7.1', 'cover_x': 1500, 'title': '蒙上你的眼', 'url': 'https://movie.douban.com/subject/27092648/', 'playable': False, 'cover': 'https://img3.doubanio.com/view/photo/s_ratio_poster/public/p2537908150.jpg', 'id': '27092648', 'cover_y': 2222, 'is_new': False}"
"{'rate': '7.4', 'cover_x': 2024, 'title': '被抹去的男孩', 'url': 'https://movie.douban.com/subject/27066184/', 'playable': False, 'cover': 'https://img1.doubanio.com/view/photo/s_ratio_poster/public/p2536682459.jpg', 'id': '27066184', 'cover_y': 3000, 'is_new': False}"
"{'rate': '6.7', 'cover_x': 504, 'title': '侏罗纪世界2', 'url': 'https://movie.douban.com/subject/26416062/', 'playable': True, 'cover': 'https://img3.doubanio.com/view/photo/s_ratio_poster/public/p2522069454.jpg', 'id': '26416062', 'cover_y': 800, 'is_new': False}"
"{'rate': '6.8', 'cover_x': 4234, 'title': '门锁', 'url': 'https://movie.douban.com/subject/27617348/', 'playable': False, 'cover': 'https://img1.doubanio.com/view/photo/s_ratio_poster/public/p2537955628.jpg', 'id': '27617348', 'cover_y': 6066, 'is_new': False}"
"{'rate': '7.0', 'cover_x': 1216, 'title': '响～成为小说家的方法～', 'url': 'https://movie.douban.com/subject/27604257/', 'playable': False, 'cover': 'https://img3.doubanio.com/view/photo/s_ratio_poster/public/p2527894612.jpg', 'id': '27604257', 'cover_y': 1713, 'is_new': True}"
"{'rate': '6.1', 'cover_x': 1943, 'title': '宁静', 'url': 'https://movie.douban.com/subject/26970964/', 'playable': False, 'cover': 'https://img3.doubanio.com/view/photo/s_ratio_poster/public/p2535338893.jpg', 'id': '26970964', 'cover_y': 2880, 'is_new': False}"
"{'rate': '5.9', 'cover_x': 1024, 'title': '后来的我们', 'url': 'https://movie.douban.com/subject/26683723/', 'playable': True, 'cover': 'https://img1.doubanio.com/view/photo/s_ratio_poster/public/p2519994468.jpg', 'id': '26683723', 'cover_y': 1434, 'is_new': False}"
"{'rate': '5.0', 'cover_x': 1080, 'title': '黄金兄弟', 'url': 'https://movie.douban.com/subject/27069427/', 'playable': True, 'cover': 'https://img3.doubanio.com/view/photo/s_ratio_poster/public/p2535191502.jpg', 'id': '27069427', 'cover_y': 1533, 'is_new': False}"
"{'rate': '7.2', 'cover_x': 950, 'title': '你的婚礼', 'url': 'https://movie.douban.com/subject/26411377/', 'playable': False, 'cover': 'https://img3.doubanio.com/view/photo/s_ratio_poster/public/p2528205132.jpg', 'id': '26411377', 'cover_y': 1361, 'is_new': False}"
"{'rate': '7.3', 'cover_x': 2000, 'title': '寄宿学校', 'url': 'https://movie.douban.com/subject/30201003/', 'playable': False, 'cover': 'https://img3.doubanio.com/view/photo/s_ratio_poster/public/p2533613106.jpg', 'id': '30201003', 'cover_y': 3000, 'is_new': False}"
"{'rate': '7.5', 'cover_x': 1436, 'title': '性别为本', 'url': 'https://movie.douban.com/subject/26385514/', 'playable': False, 'cover': 'https://img1.doubanio.com/view/photo/s_ratio_poster/public/p2528153937.jpg', 'id': '26385514', 'cover_y': 2048, 'is_new': False}"
"{'rate': '6.5', 'cover_x': 1656, 'title': '假若比尔街能说话', 'url': 'https://movie.douban.com/subject/27087130/', 'playable': False, 'cover': 'https://img3.doubanio.com/view/photo/s_ratio_poster/public/p2541077001.jpg', 'id': '27087130', 'cover_y': 2453, 'is_new': False}"
"{'rate': '7.8', 'cover_x': 2570, 'title': '冷战', 'url': 'https://movie.douban.com/subject/26894602/', 'playable': False, 'cover': 'https://img1.doubanio.com/view/photo/s_ratio_poster/public/p2526989708.jpg', 'id': '26894602', 'cover_y': 3704, 'is_new': False}"
"{'rate': '6.3', 'cover_x': 1038, 'title': '我的间谍前男友', 'url': 'https://movie.douban.com/subject/26999424/', 'playable': True, 'cover': 'https://img3.doubanio.com/view/photo/s_ratio_poster/public/p2533822396.jpg', 'id': '26999424', 'cover_y': 1600, 'is_new': False}"
"{'rate': '4.2', 'cover_x': 1500, 'title': '胖子行动队', 'url': 'https://movie.douban.com/subject/27149818/', 'playable': True, 'cover': 'https://img1.doubanio.com/view/photo/s_ratio_poster/public/p2526215398.jpg', 'id': '27149818', 'cover_y': 2100, 'is_new': False}"
"{'rate': '6.9', 'cover_x': 1024, 'title': '极线杀手', 'url': 'https://movie.douban.com/subject/27180599/', 'playable': False, 'cover': 'https://img3.doubanio.com/view/photo/s_ratio_poster/public/p2552445585.jpg', 'id': '27180599', 'cover_y': 1517, 'is_new': False}"
"{'rate': '6.4', 'cover_x': 1000, 'title': '阿尔法：狼伴归途', 'url': 'https://movie.douban.com/subject/26810318/', 'playable': True, 'cover': 'https://img1.doubanio.com/view/photo/s_ratio_poster/public/p2530871439.jpg', 'id': '26810318', 'cover_y': 1400, 'is_new': False}"
"{'rate': '8.0', 'cover_x': 1383, 'title': '克里斯托弗·罗宾', 'url': 'https://movie.douban.com/subject/26359235/', 'playable': False, 'cover': 'https://img3.doubanio.com/view/photo/s_ratio_poster/public/p2523016274.jpg', 'id': '26359235', 'cover_y': 2048, 'is_new': False}"
"{'rate': '6.2', 'cover_x': 800, 'title': '芳龄十六', 'url': 'https://movie.douban.com/subject/30334122/', 'playable': False, 'cover': 'https://img3.doubanio.com/view/photo/s_ratio_poster/public/p2549923514.jpg', 'id': '30334122', 'cover_y': 1185, 'is_new': True}"
"{'rate': '4.9', 'cover_x': 3500, 'title': '铁血战士', 'url': 'https://movie.douban.com/subject/25917789/', 'playable': True, 'cover': 'https://img3.doubanio.com/view/photo/s_ratio_poster/public/p2537399580.jpg', 'id': '25917789', 'cover_y': 5184, 'is_new': False}"
"{'rate': '5.6', 'cover_x': 1080, 'title': '叶问外传：张天志', 'url': 'https://movie.douban.com/subject/26796664/', 'playable': True, 'cover': 'https://img3.doubanio.com/view/photo/s_ratio_poster/public/p2542380253.jpg', 'id': '26796664', 'cover_y': 1512, 'is_new': False}"
"{'rate': '6.7', 'cover_x': 1662, 'title': '熊出没·原始时代', 'url': 'https://movie.douban.com/subject/30335059/', 'playable': False, 'cover': 'https://img3.doubanio.com/view/photo/s_ratio_poster/public/p2541035591.jpg', 'id': '30335059', 'cover_y': 2434, 'is_new': False}"
"{'rate': '7.2', 'cover_x': 675, 'title': '本回家了', 'url': 'https://movie.douban.com/subject/27179199/', 'playable': False, 'cover': 'https://img3.doubanio.com/view/photo/s_ratio_poster/public/p2537465672.jpg', 'id': '27179199', 'cover_y': 1000, 'is_new': False}"
"{'rate': '7.3', 'cover_x': 1500, 'title': '致所有我曾爱过的男孩', 'url': 'https://movie.douban.com/subject/27064658/', 'playable': False, 'cover': 'https://img1.doubanio.com/view/photo/s_ratio_poster/public/p2529112058.jpg', 'id': '27064658', 'cover_y': 2344, 'is_new': False}"
"{'rate': '3.5', 'cover_x': 855, 'title': '武林怪兽', 'url': 'https://movie.douban.com/subject/26425062/', 'playable': True, 'cover': 'https://img3.doubanio.com/view/photo/s_ratio_poster/public/p2540374845.jpg', 'id': '26425062', 'cover_y': 1200, 'is_new': False}"
"{'rate': '7.3', 'cover_x': 3221, 'title': '恋如雨止', 'url': 'https://movie.douban.com/subject/27191173/', 'playable': False, 'cover': 'https://img3.doubanio.com/view/photo/s_ratio_poster/public/p2511831665.jpg', 'id': '27191173', 'cover_y': 4554, 'is_new': False}"
"{'rate': '7.1', 'cover_x': 675, 'title': '64号病历', 'url': 'https://movie.douban.com/subject/27597950/', 'playable': False, 'cover': 'https://img1.doubanio.com/view/photo/s_ratio_poster/public/p2529147387.jpg', 'id': '27597950', 'cover_y': 1000, 'is_new': False}"
"{'rate': '5.9', 'cover_x': 2764, 'title': '修女', 'url': 'https://movie.douban.com/subject/26825664/', 'playable': False, 'cover': 'https://img3.doubanio.com/view/photo/s_ratio_poster/public/p2528357976.jpg', 'id': '26825664', 'cover_y': 4096, 'is_new': False}"
"{'rate': '8.6', 'cover_x': 700, 'title': '利兹与青鸟', 'url': 'https://movie.douban.com/subject/27062637/', 'playable': False, 'cover': 'https://img1.doubanio.com/view/photo/s_ratio_poster/public/p2515806508.jpg', 'id': '27062637', 'cover_y': 991, 'is_new': False}"
"{'rate': '8.6', 'cover_x': 1200, 'title': '命运之夜——天之杯2：失去之蝶', 'url': 'https://movie.douban.com/subject/26759819/', 'playable': False, 'cover': 'https://img3.doubanio.com/view/photo/s_ratio_poster/public/p2529205356.jpg', 'id': '26759819', 'cover_y': 1760, 'is_new': False}"
"{'rate': '7.6', 'cover_x': 700, 'title': 'T-34坦克', 'url': 'https://movie.douban.com/subject/30300277/', 'playable': False, 'cover': 'https://img3.doubanio.com/view/photo/s_ratio_poster/public/p2531057405.jpg', 'id': '30300277', 'cover_y': 1000, 'is_new': False}"
"{'rate': '5.9', 'cover_x': 1500, 'title': '难道不浪漫', 'url': 'https://movie.douban.com/subject/27002812/', 'playable': False, 'cover': 'https://img3.doubanio.com/view/photo/s_ratio_poster/public/p2546947022.jpg', 'id': '27002812', 'cover_y': 2222, 'is_new': False}"
"{'rate': '7.7', 'cover_x': 1300, 'title': '词典', 'url': 'https://movie.douban.com/subject/30176282/', 'playable': False, 'cover': 'https://img3.doubanio.com/view/photo/s_ratio_poster/public/p2542477332.jpg', 'id': '30176282', 'cover_y': 1856, 'is_new': False}"
"{'rate': '6.5', 'cover_x': 1200, 'title': '邻座的怪同学', 'url': 'https://movie.douban.com/subject/27042544/', 'playable': False, 'cover': 'https://img3.doubanio.com/view/photo/s_ratio_poster/public/p2518803316.jpg', 'id': '27042544', 'cover_y': 1698, 'is_new': False}"
"{'rate': '7.8', 'cover_x': 2332, 'title': '喜欢，轻吻，快跑', 'url': 'https://movie.douban.com/subject/26979199/', 'playable': False, 'cover': 'https://img1.doubanio.com/view/photo/s_ratio_poster/public/p2527725378.jpg', 'id': '26979199', 'cover_y': 3328, 'is_new': False}"
"{'rate': '8.3', 'cover_x': 565, 'title': '有熊谷守一在的地方', 'url': 'https://movie.douban.com/subject/27147739/', 'playable': True, 'cover': 'https://img3.doubanio.com/view/photo/s_ratio_poster/public/p2515102554.jpg', 'id': '27147739', 'cover_y': 799, 'is_new': False}"
"{'rate': '7.1', 'cover_x': 1178, 'title': '自由了！', 'url': 'https://movie.douban.com/subject/27607255/', 'playable': False, 'cover': 'https://img3.doubanio.com/view/photo/s_ratio_poster/public/p2538182801.jpg', 'id': '27607255', 'cover_y': 1600, 'is_new': True}"
"{'rate': '6.9', 'cover_x': 1000, 'title': '协商', 'url': 'https://movie.douban.com/subject/27040853/', 'playable': False, 'cover': 'https://img3.doubanio.com/view/photo/s_ratio_poster/public/p2533160941.jpg', 'id': '27040853', 'cover_y': 1429, 'is_new': False}"
"{'rate': '6.8', 'cover_x': 1946, 'title': '逃出水泥地', 'url': 'https://movie.douban.com/subject/26966758/', 'playable': False, 'cover': 'https://img3.doubanio.com/view/photo/s_ratio_poster/public/p2548827912.jpg', 'id': '26966758', 'cover_y': 3000, 'is_new': True}"
"{'rate': '5.1', 'cover_x': 679, 'title': '大师兄', 'url': 'https://movie.douban.com/subject/27201353/', 'playable': True, 'cover': 'https://img1.doubanio.com/view/photo/s_ratio_poster/public/p2528842218.jpg', 'id': '27201353', 'cover_y': 950, 'is_new': False}"
"{'rate': '6.9', 'cover_x': 1944, 'title': '皇家酒店谋杀案', 'url': 'https://movie.douban.com/subject/26992553/', 'playable': False, 'cover': 'https://img3.doubanio.com/view/photo/s_ratio_poster/public/p2530922420.jpg', 'id': '26992553', 'cover_y': 2880, 'is_new': False}"
"{'rate': '7.1', 'cover_x': 1374, 'title': '你能原谅我吗？', 'url': 'https://movie.douban.com/subject/26363987/', 'playable': False, 'cover': 'https://img1.doubanio.com/view/photo/s_ratio_poster/public/p2516537208.jpg', 'id': '26363987', 'cover_y': 2048, 'is_new': False}"
"{'rate': '5.2', 'cover_x': 1372, 'title': '宝贝儿', 'url': 'https://movie.douban.com/subject/27039069/', 'playable': True, 'cover': 'https://img3.doubanio.com/view/photo/s_ratio_poster/public/p2531326284.jpg', 'id': '27039069', 'cover_y': 1920, 'is_new': False}"
"{'rate': '7.7', 'cover_x': 1383, 'title': '希斯特斯兄弟', 'url': 'https://movie.douban.com/subject/26600786/', 'playable': False, 'cover': 'https://img3.doubanio.com/view/photo/s_ratio_poster/public/p2532760814.jpg', 'id': '26600786', 'cover_y': 2048, 'is_new': False}"
"{'rate': '6.5', 'cover_x': 1920, 'title': '霸主', 'url': 'https://movie.douban.com/subject/26969115/', 'playable': False, 'cover': 'https://img3.doubanio.com/view/photo/s_ratio_poster/public/p2533977336.jpg', 'id': '26969115', 'cover_y': 3000, 'is_new': False}"
"{'rate': '8.2', 'cover_x': 3084, 'title': '野梨树', 'url': 'https://movie.douban.com/subject/26878883/', 'playable': False, 'cover': 'https://img3.doubanio.com/view/photo/s_ratio_poster/public/p2521230606.jpg', 'id': '26878883', 'cover_y': 4000, 'is_new': False}"
"{'rate': '6.0', 'cover_x': 1944, 'title': '玛丽女王', 'url': 'https://movie.douban.com/subject/11639146/', 'playable': False, 'cover': 'https://img3.doubanio.com/view/photo/s_ratio_poster/public/p2537276351.jpg', 'id': '11639146', 'cover_y': 2880, 'is_new': False}"
"{'rate': '7.4', 'cover_x': 1000, 'title': '雪怪大冒险', 'url': 'https://movie.douban.com/subject/26944582/', 'playable': True, 'cover': 'https://img1.doubanio.com/view/photo/s_ratio_poster/public/p2535550507.jpg', 'id': '26944582', 'cover_y': 1503, 'is_new': False}"
"{'rate': '6.7', 'cover_x': 909, 'title': '未来的未来', 'url': 'https://movie.douban.com/subject/27045615/', 'playable': False, 'cover': 'https://img3.doubanio.com/view/photo/s_ratio_poster/public/p2520174596.jpg', 'id': '27045615', 'cover_y': 1280, 'is_new': False}"
"{'rate': '5.4', 'cover_x': 1080, 'title': '滴答屋', 'url': 'https://movie.douban.com/subject/10759740/', 'playable': True, 'cover': 'https://img3.doubanio.com/view/photo/s_ratio_poster/public/p2537306831.jpg', 'id': '10759740', 'cover_y': 1621, 'is_new': False}"
"{'rate': '5.9', 'cover_x': 5906, 'title': '印度暴徒', 'url': 'https://movie.douban.com/subject/27019982/', 'playable': True, 'cover': 'https://img3.doubanio.com/view/photo/s_ratio_poster/public/p2541754700.jpg', 'id': '27019982', 'cover_y': 8268, 'is_new': False}"
"{'rate': '6.8', 'cover_x': 1984, 'title': '边境', 'url': 'https://movie.douban.com/subject/30194752/', 'playable': False, 'cover': 'https://img1.doubanio.com/view/photo/s_ratio_poster/public/p2534389119.jpg', 'id': '30194752', 'cover_y': 2835, 'is_new': False}"
"{'rate': '6.7', 'cover_x': 1984, 'title': '冰海陷落', 'url': 'https://movie.douban.com/subject/6538807/', 'playable': False, 'cover': 'https://img3.doubanio.com/view/photo/s_ratio_poster/public/p2540706012.jpg', 'id': '6538807', 'cover_y': 2835, 'is_new': False}"
"{'rate': '5.3', 'cover_x': 2025, 'title': '伦敦战场', 'url': 'https://movie.douban.com/subject/3179698/', 'playable': False, 'cover': 'https://img3.doubanio.com/view/photo/s_ratio_poster/public/p2524161946.jpg', 'id': '3179698', 'cover_y': 3000, 'is_new': False}"
"{'rate': '7.4', 'cover_x': 1400, 'title': '完美的他人', 'url': 'https://movie.douban.com/subject/27180356/', 'playable': False, 'cover': 'https://img3.doubanio.com/view/photo/s_ratio_poster/public/p2536570825.jpg', 'id': '27180356', 'cover_y': 2006, 'is_new': False}"
"{'rate': '7.6', 'cover_x': 1080, 'title': '阿拉姜色', 'url': 'https://movie.douban.com/subject/30181130/', 'playable': True, 'cover': 'https://img3.doubanio.com/view/photo/s_ratio_poster/public/p2535257594.jpg', 'id': '30181130', 'cover_y': 1620, 'is_new': False}"
"{'rate': '6.3', 'cover_x': 2209, 'title': '高潮', 'url': 'https://movie.douban.com/subject/30154537/', 'playable': False, 'cover': 'https://img3.doubanio.com/view/photo/s_ratio_poster/public/p2531195804.jpg', 'id': '30154537', 'cover_y': 3000, 'is_new': False}"
"{'rate': '6.5', 'cover_x': 617, 'title': '三夫', 'url': 'https://movie.douban.com/subject/30334399/', 'playable': False, 'cover': 'https://img1.doubanio.com/view/photo/s_ratio_poster/public/p2536294679.jpg', 'id': '30334399', 'cover_y': 869, 'is_new': False}"
"{'rate': '6.3', 'cover_x': 1000, 'title': '绿毛怪格林奇', 'url': 'https://movie.douban.com/subject/23774869/', 'playable': True, 'cover': 'https://img1.doubanio.com/view/photo/s_ratio_poster/public/p2539666559.jpg', 'id': '23774869', 'cover_y': 1484, 'is_new': False}"
"{'rate': '5.9', 'cover_x': 725, 'title': '罗布奥特曼剧场版：决定了！羁绊的水晶', 'url': 'https://movie.douban.com/subject/30412189/', 'playable': False, 'cover': 'https://img3.doubanio.com/view/photo/s_ratio_poster/public/p2545880275.jpg', 'id': '30412189', 'cover_y': 1024, 'is_new': True}"
"{'rate': '7.1', 'cover_x': 1350, 'title': '私人战争', 'url': 'https://movie.douban.com/subject/20425292/', 'playable': False, 'cover': 'https://img1.doubanio.com/view/photo/s_ratio_poster/public/p2532482728.jpg', 'id': '20425292', 'cover_y': 2000, 'is_new': False}"
"{'rate': '7.9', 'cover_x': 1418, 'title': '开战', 'url': 'https://movie.douban.com/subject/26988000/', 'playable': False, 'cover': 'https://img3.doubanio.com/view/photo/s_ratio_poster/public/p2519935951.jpg', 'id': '26988000', 'cover_y': 1890, 'is_new': False}"
"{'rate': '7.2', 'cover_x': 2000, 'title': '白小姐', 'url': 'https://movie.douban.com/subject/27055378/', 'playable': False, 'cover': 'https://img3.doubanio.com/view/photo/s_ratio_poster/public/p2534698026.jpg', 'id': '27055378', 'cover_y': 2858, 'is_new': False}"
"{'rate': '6.4', 'cover_x': 3349, 'title': '狂暴巨兽', 'url': 'https://movie.douban.com/subject/26430636/', 'playable': True, 'cover': 'https://img3.doubanio.com/view/photo/s_ratio_poster/public/p2516079193.jpg', 'id': '26430636', 'cover_y': 5009, 'is_new': False}"
"{'rate': '5.9', 'cover_x': 1100, 'title': '家和万事惊', 'url': 'https://movie.douban.com/subject/27604296/', 'playable': True, 'cover': 'https://img1.doubanio.com/view/photo/s_ratio_poster/public/p2545486388.jpg', 'id': '27604296', 'cover_y': 1541, 'is_new': False}"
"{'rate': '7.0', 'cover_x': 675, 'title': '伸冤人2', 'url': 'https://movie.douban.com/subject/26356631/', 'playable': True, 'cover': 'https://img3.doubanio.com/view/photo/s_ratio_poster/public/p2529742142.jpg', 'id': '26356631', 'cover_y': 1000, 'is_new': False}"
"{'rate': '7.5', 'cover_x': 800, 'title': '康斯坦丁：恶魔之城 电影版', 'url': 'https://movie.douban.com/subject/30299345/', 'playable': False, 'cover': 'https://img1.doubanio.com/view/photo/s_ratio_poster/public/p2536561659.jpg', 'id': '30299345', 'cover_y': 1200, 'is_new': False}"
"{'rate': '6.2', 'cover_x': 4800, 'title': '寡妇联盟', 'url': 'https://movie.douban.com/subject/26268602/', 'playable': False, 'cover': 'https://img3.doubanio.com/view/photo/s_ratio_poster/public/p2537861600.jpg', 'id': '26268602', 'cover_y': 7600, 'is_new': False}"
"{'rate': '6.2', 'cover_x': 2025, 'title': '漂亮男孩', 'url': 'https://movie.douban.com/subject/3059389/', 'playable': False, 'cover': 'https://img3.doubanio.com/view/photo/s_ratio_poster/public/p2526320265.jpg', 'id': '3059389', 'cover_y': 3000, 'is_new': False}"
"{'rate': '7.3', 'cover_x': 800, 'title': '海吉拉', 'url': 'https://movie.douban.com/subject/30242164/', 'playable': False, 'cover': 'https://img1.doubanio.com/view/photo/s_ratio_poster/public/p2524187708.jpg', 'id': '30242164', 'cover_y': 1138, 'is_new': False}"
"{'rate': '6.2', 'cover_x': 2552, 'title': '克隆人', 'url': 'https://movie.douban.com/subject/26219713/', 'playable': True, 'cover': 'https://img1.doubanio.com/view/photo/s_ratio_poster/public/p2539946987.jpg', 'id': '26219713', 'cover_y': 3613, 'is_new': False}"
"{'rate': '5.5', 'cover_x': 2160, 'title': '肆式青春', 'url': 'https://movie.douban.com/subject/30156898/', 'playable': True, 'cover': 'https://img3.doubanio.com/view/photo/s_ratio_poster/public/p2526429256.jpg', 'id': '30156898', 'cover_y': 3168, 'is_new': False}"
"{'rate': '5.9', 'cover_x': 1000, 'title': '无间炼狱', 'url': 'https://movie.douban.com/subject/27109553/', 'playable': False, 'cover': 'https://img3.doubanio.com/view/photo/s_ratio_poster/public/p2537265654.jpg', 'id': '27109553', 'cover_y': 1481, 'is_new': False}"
"{'rate': '5.9', 'cover_x': 3158, 'title': '月光光心慌慌', 'url': 'https://movie.douban.com/subject/4017146/', 'playable': True, 'cover': 'https://img1.doubanio.com/view/photo/s_ratio_poster/public/p2519765769.jpg', 'id': '4017146', 'cover_y': 5000, 'is_new': False}"
"{'rate': '7.9', 'cover_x': 5113, 'title': '企鹅公路', 'url': 'https://movie.douban.com/subject/30158971/', 'playable': False, 'cover': 'https://img3.doubanio.com/view/photo/s_ratio_poster/public/p2550143426.jpg', 'id': '30158971', 'cover_y': 7130, 'is_new': False}"
"{'rate': '4.9', 'cover_x': 1500, 'title': '龙虾刑警', 'url': 'https://movie.douban.com/subject/26992383/', 'playable': True, 'cover': 'https://img3.doubanio.com/view/photo/s_ratio_poster/public/p2523437806.jpg', 'id': '26992383', 'cover_y': 2142, 'is_new': False}"
"{'rate': '7.3', 'cover_x': 900, 'title': '老爸102岁', 'url': 'https://movie.douban.com/subject/30183666/', 'playable': False, 'cover': 'https://img1.doubanio.com/view/photo/s_ratio_poster/public/p2540024317.jpg', 'id': '30183666', 'cover_y': 1301, 'is_new': False}"
"{'rate': '7.0', 'cover_x': 2000, 'title': '老人和枪', 'url': 'https://movie.douban.com/subject/24299053/', 'playable': False, 'cover': 'https://img3.doubanio.com/view/photo/s_ratio_poster/public/p2536326483.jpg', 'id': '24299053', 'cover_y': 2963, 'is_new': False}"
"{'rate': '6.4', 'cover_x': 1448, 'title': '三次元女友', 'url': 'https://movie.douban.com/subject/27082461/', 'playable': False, 'cover': 'https://img1.doubanio.com/view/photo/s_ratio_poster/public/p2520170117.jpg', 'id': '27082461', 'cover_y': 2048, 'is_new': False}"
"{'rate': '4.1', 'cover_x': 1072, 'title': '中国合伙人2', 'url': 'https://movie.douban.com/subject/30293828/', 'playable': True, 'cover': 'https://img1.doubanio.com/view/photo/s_ratio_poster/public/p2541742368.jpg', 'id': '30293828', 'cover_y': 1500, 'is_new': False}"
"{'rate': '6.7', 'cover_x': 1382, 'title': '边境杀手2：边境战士', 'url': 'https://movie.douban.com/subject/26627736/', 'playable': False, 'cover': 'https://img1.doubanio.com/view/photo/s_ratio_poster/public/p2520296878.jpg', 'id': '26627736', 'cover_y': 2048, 'is_new': False}"
"{'rate': '5.7', 'cover_x': 837, 'title': '麻药王', 'url': 'https://movie.douban.com/subject/26945122/', 'playable': False, 'cover': 'https://img3.doubanio.com/view/photo/s_ratio_poster/public/p2539238884.jpg', 'id': '26945122', 'cover_y': 1199, 'is_new': False}"
"{'rate': '5.7', 'cover_x': 2126, 'title': '幕后玩家', 'url': 'https://movie.douban.com/subject/26774033/', 'playable': True, 'cover': 'https://img3.doubanio.com/view/photo/s_ratio_poster/public/p2520543845.jpg', 'id': '26774033', 'cover_y': 2976, 'is_new': False}"
"{'rate': '7.0', 'cover_x': 1000, 'title': '妈妈咪呀2', 'url': 'https://movie.douban.com/subject/27050259/', 'playable': True, 'cover': 'https://img3.doubanio.com/view/photo/s_ratio_poster/public/p2528272481.jpg', 'id': '27050259', 'cover_y': 1476, 'is_new': False}"
"{'rate': '6.2', 'cover_x': 500, 'title': '逃组', 'url': 'https://movie.douban.com/subject/27187912/', 'playable': False, 'cover': 'https://img3.doubanio.com/view/photo/s_ratio_poster/public/p2545160945.jpg', 'id': '27187912', 'cover_y': 716, 'is_new': False}"
"{'rate': '6.6', 'cover_x': 1078, 'title': '冥王星时刻', 'url': 'https://movie.douban.com/subject/26887153/', 'playable': True, 'cover': 'https://img1.doubanio.com/view/photo/s_ratio_poster/public/p2519560628.jpg', 'id': '26887153', 'cover_y': 1920, 'is_new': False}"
"{'rate': '7.5', 'cover_x': 675, 'title': '挪威7·22爆炸枪击案', 'url': 'https://movie.douban.com/subject/27184199/', 'playable': False, 'cover': 'https://img3.doubanio.com/view/photo/s_ratio_poster/public/p2536598700.jpg', 'id': '27184199', 'cover_y': 1000, 'is_new': False}"
"{'rate': '5.0', 'cover_x': 1383, 'title': '屠宰场准则', 'url': 'https://movie.douban.com/subject/27045854/', 'playable': False, 'cover': 'https://img1.doubanio.com/view/photo/s_ratio_poster/public/p2530527757.jpg', 'id': '27045854', 'cover_y': 2048, 'is_new': False}"
"{'rate': '6.0', 'cover_x': 800, 'title': '绝地隧战', 'url': 'https://movie.douban.com/subject/27087787/', 'playable': False, 'cover': 'https://img3.doubanio.com/view/photo/s_ratio_poster/public/p2538544592.jpg', 'id': '27087787', 'cover_y': 1146, 'is_new': False}"
"{'rate': '7.8', 'cover_x': 1448, 'title': '孤狼之血', 'url': 'https://movie.douban.com/subject/26992114/', 'playable': False, 'cover': 'https://img3.doubanio.com/view/photo/s_ratio_poster/public/p2514406992.jpg', 'id': '26992114', 'cover_y': 2048, 'is_new': False}"
